Workbook

Sheet RL_weights
A1: parameters | B1: linear_regression_weights | C1: value
A2: p1 | B2: 0 | C2: p1*0
A3: p2 | B3: 0 | C3: p2*0
A4: p3 | B4: 0 | C4: p3*0
A5: P4 | B5: 0 | C5: P4*0
A6: p5 | B6: 0 | C6: p5*0
A7: p6 | B7: 0 | C7: p6*0
A8: p7 | B8: 0 | C8: p7*0
A9: p8 | B9: 0 | C9: p8*0
A10: p9 | B10: 0.0014659528 | C10: p9*0,0014659527707809
A11: p10 | B11: 0.040819953 | C11: p10*0,040819953
A12: p11 | B12: -0.002628714 | C12: p11*-0,002628714
A13: p12 | B13: -2.2041728 | C13: p12*-2,204172819
... A32: P31 | B32: 0.18834051 | C32: P31*0,188340514

Sheet value_range
A1: parameters | B1: value_range [min] | C1: value_range [max]
A2: p1 | B2: 0 | C2: =value_normality!B2+4*value_normality!C2 -> 89.154121
A3: p2 | B3: 0 | C3: =value_normality!B3+4*value_normality!C3 -> 5.4256066
A4: p3 | B4: 0 | C4: =value_normality!B4+4*value_normality!C4 -> 5.8299831
A5: P4 | B5: 0 | C5: =value_normality!B5+4*value_normality!C5 -> 0.11775437
A6: p5 | B6: 0 | C6: =value_normality!B6+4*value_normality!C6 -> 124.92624
A7: p6 | B7: 0 | C7: =value_normality!B7+4*value_normality!C7 -> 9.1194038
A8: p7 | B8: 0 | C8: =value_normality!B8+4*value_normality!C8 -> 8.5982238
A9: p8 | B9: 0 | C9: =value_normality!B9+4*value_normality!C9 -> 0.11593969
A10: p9 | B10: 0 | C10: =value_normality!B10+4*value_normality!C10 -> 318.55825
A11: p10 | B11: 0 | C11: =value_normality!B11+4*value_normality!C11 -> 20.750129
A12: p11 | B12: 0 | C12: =value_normality!B12+4*value_normality!C12 -> 33.089558
A13: p12 | B13: 0 | C13: =value_normality!B13+4*value_normality!C13 -> 0.20602298
... A30: P29 | B30: 0 | C30: =value_normality!B30+4*value_normality!C30 -> 9.4973376
A31: P30
A32: P31

Sheet value_normality
A1: parameters | B1: mean_normality | C1: std_normality
A2: p1 | B2: 38.655315 | C2: 12.624702
A3: p2 | B3: 1.9697811 | C3: 0.86395638
A4: p3 | B4: 1.9387005 | C4: 0.97282065
A5: P4 | B5: 0.048182437 | C5: 0.017392983
A6: p5 | B6: 55.547212 | C6: 17.344757
A7: p6 | B7: 2.9959562 | C7: 1.5308619
A8: p7 | B8: 2.5395666 | C8: 1.5146643
A9: p8 | B9: 0.050107371 | C9: 0.016458079
A10: p9 | B10: 110.12366 | C10: 52.108647
A11: p10 | B11: 7.4003559 | C11: 3.3374432
A12: p11 | B12: 10.391779 | C12: 5.6744447
A13: p12 | B13: 0.079093959 | C13: 0.031732256
... A30: P29 | B30: 5.1704937 | C30: 1.081711
A31: P30
A32: P31
